index,level0,duration0_us,level1,duration1_us
0,0,507,1,354
1,0,511,1,354
2,0,536,1,330
3,0,532,1,335
4,0,504,1,362
5,0,500,1,25056
6,0,3486,1,1729
7,0,437,1,1296
8,0,437,1,429
9,0,436,1,430
10,0,438,1,428
11,0,437,1,1295
12,0,437,1,430
13,0,436,1,429
14,0,437,1,429
15,0,438,1,428
16,0,438,1,1294
17,0,438,1,429
18,0,438,1,1294
19,0,437,1,1295
20,0,437,1,429
21,0,438,1,1294
22,0,437,1,1296
23,0,437,1,1294
24,0,438,1,1295
25,0,437,1,1295
26,0,438,1,428
27,0,438,1,428
28,0,438,1,1295
29,0,437,1,429
30,0,437,1,429
31,0,437,1,429
32,0,437,1,429
33,0,437,1,430
34,0,436,1,429
35,0,437,1,429
36,0,438,1,428
37,0,437,1,430
38,0,437,1,428
39,0,438,1,1296
40,0,436,1,428
41,0,438,1,1296
42,0,436,1,430
43,0,436,1,429
44,0,437,1,429
45,0,438,1,1296
46,0,436,1,1295
47,0,437,1,429
48,0,437,1,429
49,0,437,1,430
50,0,436,1,429
51,0,437,1,430
52,0,436,1,429
53,0,438,1,428
54,0,437,1,429
55,0,438,1,429
56,0,437,1,428
57,0,438,1,428
58,0,438,1,428
59,0,438,1,430
60,0,436,1,429
61,0,437,1,430
62,0,437,1,428
63,0,438,1,1294
64,0,438,1,1294
65,0,438,1,1295
66,0,437,1,428
67,0,439,1,1293
68,0,439,1,428
69,0,438,1,1295
70,0,437,1,1294
71,0,438,1,2744
72,0,3461,1,1728
73,0,438,1,1295
74,0,437,1,429
75,0,438,1,428
76,0,437,1,428
77,0,438,1,1295
78,0,438,1,428
79,0,437,1,429
80,0,437,1,429
81,0,438,1,428
82,0,439,1,1293
83,0,439,1,427
84,0,439,1,1294
85,0,438,1,1294
86,0,438,1,428
87,0,439,1,1294
88,0,437,1,1294
89,0,439,1,1294
90,0,438,1,1294
91,0,437,1,1295
92,0,438,1,429
93,0,438,1,428
94,0,438,1,1294
95,0,437,1,429
96,0,438,1,428
97,0,437,1,429
98,0,438,1,428
99,0,438,1,429
100,0,437,1,428
101,0,437,1,429
102,0,438,1,428
103,0,438,1,429
104,0,437,1,428
105,0,438,1,428
106,0,439,1,1294
107,0,438,1,428
108,0,437,1,429
109,0,438,1,428
110,0,438,1,429
111,0,437,1,1295
112,0,437,1,428
113,0,438,1,429
114,0,437,1,429
115,0,437,1,429
116,0,438,1,428
117,0,437,1,429
118,0,438,1,428
119,0,438,1,429
120,0,437,1,428
121,0,438,1,428
122,0,438,1,428
123,0,438,1,428
124,0,439,1,427
125,0,439,1,1294
126,0,438,1,427
127,0,439,1,428
128,0,438,1,428
129,0,438,1,428
130,0,439,1,427
131,0,439,1,1293
132,0,439,1,428
133,0,438,1,428
134,0,438,1,1294
135,0,437,1,1295
136,0,439,1,428
137,0,437,1,2744
138,0,3462,1,1728
139,0,437,1,1295
140,0,438,1,428
141,0,438,1,428
142,0,439,1,427
143,0,438,1,1294
144,0,439,1,428
145,0,438,1,427
146,0,439,1,428
147,0,438,1,428
148,0,438,1,1294
149,0,438,1,429
150,0,437,1,1294
151,0,439,1,1293
152,0,439,1,427
153,0,439,1,1293
154,0,438,1,1295
155,0,438,1,1294
156,0,438,1,1294
157,0,439,1,1293
158,0,438,1,429
159,0,437,1,428
160,0,439,1,1293
161,0,439,1,428
162,0,438,1,428
163,0,439,1,427
164,0,438,1,428
165,0,438,1,428
166,0,438,1,429
167,0,438,1,427
168,0,439,1,427
169,0,439,1,428
170,0,438,1,427
171,0,439,1,428
172,0,438,1,429
173,0,437,1,428
174,0,438,1,428
175,0,438,1,428
176,0,438,1,429
177,0,438,1,427
178,0,438,1,429
179,0,437,1,428
180,0,439,1,428
181,0,438,1,428
182,0,438,1,1294
183,0,439,1,1293
184,0,438,1,1294
185,0,438,1,428
186,0,438,1,428
187,0,439,1,428
188,0,438,1,428
189,0,438,1,1294
190,0,438,1,1293
191,0,439,1,428
192,0,439,1,1293
193,0,439,1,428
194,0,438,1,428
195,0,438,1,428
196,0,438,1,428
197,0,439,1,427
198,0,438,1,428
199,0,438,1,428
200,0,438,1,428
201,0,439,1,427
202,0,439,1,427
203,0,439,1,427
204,0,439,1,427
205,0,440,1,427
206,0,438,1,428
207,0,439,1,427
208,0,439,1,427
209,0,438,1,1294
210,0,439,1,427
211,0,439,1,428
212,0,438,1,427
213,0,439,1,428
214,0,438,1,427
215,0,439,1,428
216,0,438,1,428
217,0,439,1,427
218,0,438,1,428
219,0,439,1,427
220,0,437,1,428
221,0,439,1,427
222,0,440,1,426
223,0,439,1,427
224,0,439,1,427
225,0,440,1,427
226,0,439,1,427
227,0,439,1,427
228,0,438,1,1294
229,0,439,1,1294
230,0,439,1,426
231,0,440,1,426
232,0,440,1,427
233,0,439,1,427
234,0,439,1,427
235,0,439,1,427
236,0,439,1,427
237,0,439,1,427
238,0,439,1,427
239,0,439,1,427
240,0,439,1,1293
241,0,439,1,1293
242,0,439,1,427
243,0,440,1,427
244,0,439,1,427
245,0,439,1,427
246,0,439,1,427
247,0,439,1,427
248,0,439,1,427
249,0,440,1,427
250,0,439,1,427
251,0,439,1,427
252,0,440,1,426
253,0,439,1,427
254,0,439,1,427
255,0,438,1,428
256,0,440,1,427
257,0,439,1,426
258,0,439,1,428
259,0,438,1,1294
260,0,438,1,428
261,0,439,1,427
262,0,438,1,428
263,0,439,1,427
264,0,439,1,426
265,0,440,1,1293
266,0,439,1,1293
267,0,440,1,427
268,0,439,1,427
269,0,438,1,428
270,0,438,1,428
271,0,439,1,427
272,0,439,1,427
273,0,440,1,426
274,0,439,1,1293
275,0,439,1,427
276,0,439,1,428
277,0,439,1,427
278,0,438,1,428
279,0,439,1,427
280,0,439,1,427
281,0,439,1,427
282,0,439,1,427
283,0,439,1,1293
284,0,439,1,428
285,0,438,1,1294
286,0,439,1,1292
287,0,440,1,1293
288,0,439,1,427
289,0,439,1,1294
290,0,438,1,428
291,0,437,1,0
